Date,Type,Dataset_Type,Price,Tenor,Maturity,Date_Ord,Predicted_Price
2050-01-09,Missing Data,Impute,0.0290296038177721,1.0,0.0833333333333333,748391,0.22928506392736164
2050-01-11,Missing Data,Impute,0.0297002119234374,1.0,0.0833333333333333,748393,0.23178671496825962
2050-01-09,Missing Data,Impute,0.0389071441940443,2.0,0.0833333333333333,748391,0.194185379042905
2050-01-11,Missing Data,Impute,0.0394531566910714,2.0,0.0833333333333333,748393,0.18779299105976152
2050-01-09,Missing Data,Impute,0.0405153572647535,3.0,0.0833333333333333,748391,0.2059696355946646
2050-01-11,Missing Data,Impute,NA,3.0,0.0833333333333333,748393,0.15655258605115518
2050-01-09,Missing Data,Impute,0.0413370070802767,4.0,0.0833333333333333,748391,0.20029263086581942
2050-01-11,Missing Data,Impute,0.0416416766395895,4.0,0.0833333333333333,748393,0.18691575133846997
2050-01-09,Missing Data,Impute,0.0411461252839331,5.0,0.0833333333333333,748391,0.1749308240021812
2050-01-11,Missing Data,Impute,0.0413124187242601,5.0,0.0833333333333333,748393,0.16744115038810417
2050-01-09,Missing Data,Impute,0.0397639636309111,6.0,0.0833333333333333,748391,0.16040280595357514
2050-01-11,Missing Data,Impute,0.0398794199689854,6.0,0.0833333333333333,748393,0.15482955901387868
2050-01-09,Missing Data,Impute,0.0384844609737952,7.0,0.0833333333333333,748391,0.16233380585837603
2050-01-11,Missing Data,Impute,0.0385254466667092,7.0,0.0833333333333333,748393,0.14016152463804848
2050-01-09,Missing Data,Impute,0.0377975992561568,8.0,0.0833333333333333,748391,0.16979241054387395
2050-01-11,Missing Data,Impute,0.0378095208762675,8.0,0.0833333333333333,748393,0.13388180424645854
2050-01-09,Missing Data,Impute,0.0377280383471274,9.0,0.0833333333333333,748391,0.1524774458009383
2050-01-11,Missing Data,Impute,0.0377246186118096,9.0,0.0833333333333333,748393,0.12656506496643627
2050-01-09,Missing Data,Impute,0.0367195555453766,10.0,0.0833333333333333,748391,0.1351844938282153
2050-01-11,Missing Data,Impute,0.0367080295104092,10.0,0.0833333333333333,748393,0.10797003129522134
2050-01-09,Missing Data,Impute,0.035153459998358,15.0,0.0833333333333333,748391,0.12324831587646884
2050-01-11,Missing Data,Impute,0.0350936933568404,15.0,0.0833333333333333,748393,0.07119999555914688
2050-01-09,Missing Data,Impute,NA,20.0,0.0833333333333333,748391,0.13550512072704
2050-01-11,Missing Data,Impute,0.033816635040528,20.0,0.0833333333333333,748393,0.07188284004526588
2050-01-09,Missing Data,Impute,0.0335652178003043,25.0,0.0833333333333333,748391,0.1698001644089829
2050-01-11,Missing Data,Impute,0.0335928015880421,25.0,0.0833333333333333,748393,0.1268432956576384
2050-01-09,Missing Data,Impute,0.0339296104581114,30.0,0.0833333333333333,748391,0.21240711302168802
2050-01-11,Missing Data,Impute,0.0339887881646794,30.0,0.0833333333333333,748393,0.18246474247911992
2050-01-09,Missing Data,Impute,0.058224457200922,1.0,0.25,748391,0.23097229819194198
2050-01-11,Missing Data,Impute,0.0595417021732375,1.0,0.25,748393,0.21176416073982507
2050-01-09,Missing Data,Impute,0.0701506589185102,2.0,0.25,748391,0.21929304104733008
2050-01-11,Missing Data,Impute,0.0708963283111888,2.0,0.25,748393,0.20847530801654687
2050-01-09,Missing Data,Impute,0.0716433113081579,3.0,0.25,748391,0.19118630022025734
2050-01-11,Missing Data,Impute,0.0721028940827032,3.0,0.25,748393,0.1861330368024533
2050-01-09,Missing Data,Impute,0.0709287648020991,4.0,0.25,748391,0.18998494628992219
2050-01-11,Missing Data,Impute,0.0711330032185914,4.0,0.25,748393,0.17140944681401035
2050-01-09,Missing Data,Impute,0.0711737396455416,5.0,0.25,748391,0.17924051042598574
2050-01-11,Missing Data,Impute,0.0712734636515457,5.0,0.25,748393,0.15276776690957508
2050-01-09,Missing Data,Impute,0.0675876393478778,6.0,0.25,748391,0.16813639156383448
2050-01-11,Missing Data,Impute,0.0676881145177854,6.0,0.25,748393,0.15351423604475717
2050-01-09,Missing Data,Impute,0.067712167710874,7.0,0.25,748391,0.17248574578535772
2050-01-11,Missing Data,Impute,0.0676578507884114,7.0,0.25,748393,0.13506580052229955
2050-01-09,Missing Data,Impute,0.0663474443565034,8.0,0.25,748391,0.1626205582141669
2050-01-11,Missing Data,Impute,0.066307714418258,8.0,0.25,748393,0.13500420182000758
2050-01-09,Missing Data,Impute,0.0653953760286718,9.0,0.25,748391,0.14843206370989068
2050-01-11,Missing Data,Impute,0.0652453365302003,9.0,0.25,748393,0.1360589576015854
2050-01-09,Missing Data,Impute,0.0645203434522394,10.0,0.25,748391,0.14665308868410923
2050-01-11,Missing Data,Impute,0.0643465336184424,10.0,0.25,748393,0.11004437068317413
2050-01-09,Missing Data,Impute,0.0606775021875203,15.0,0.25,748391,0.1267492404758189
2050-01-11,Missing Data,Impute,0.0604695626413031,15.0,0.25,748393,0.06399963050333343
2050-01-09,Missing Data,Impute,0.0579253980897925,20.0,0.25,748391,0.1454270321393555
2050-01-11,Missing Data,Impute,0.0578946702018613,20.0,0.25,748393,0.08698523789902984
2050-01-09,Missing Data,Impute,0.0575537517455152,25.0,0.25,748391,0.1707132142782877
2050-01-11,Missing Data,Impute,0.0575041119553198,25.0,0.25,748393,0.14400871833454032
2050-01-09,Missing Data,Impute,0.0587379394081062,30.0,0.25,748391,0.22836816022341513
2050-01-11,Missing Data,Impute,0.0587544279077075,30.0,0.25,748393,0.19605106005250536
2050-01-09,Missing Data,Impute,0.0945025930824504,1.0,0.5,748391,0.21704265967676734
2050-01-11,Missing Data,Impute,0.0958497832874495,1.0,0.5,748393,0.23113083574108373
2050-01-09,Missing Data,Impute,0.104911750658602,2.0,0.5,748391,0.21072683176415224
2050-01-11,Missing Data,Impute,0.105434911408005,2.0,0.5,748393,0.21487527765736825
2050-01-09,Missing Data,Impute,0.102448965979796,3.0,0.5,748391,0.20166048366463793
2050-01-11,Missing Data,Impute,0.102582354096253,3.0,0.5,748393,0.1804688941055863
2050-01-09,Missing Data,Impute,0.101907317440147,4.0,0.5,748391,0.19712649706751745
2050-01-11,Missing Data,Impute,0.101744115534501,4.0,0.5,748393,0.18310009615100037
2050-01-09,Missing Data,Impute,0.100693614688014,5.0,0.5,748391,0.17208198123254764
2050-01-11,Missing Data,Impute,0.100477090954873,5.0,0.5,748393,0.17916194178400333
2050-01-09,Missing Data,Impute,0.0989431343865063,6.0,0.5,748391,0.17463283470913865
2050-01-11,Missing Data,Impute,0.0987042315807802,6.0,0.5,748393,0.1419931889867295
2050-01-09,Missing Data,Impute,0.0945960652832703,7.0,0.5,748391,0.19348324595840102
2050-01-11,Missing Data,Impute,0.0942879207697729,7.0,0.5,748393,0.14661364910799157
2050-01-09,Missing Data,Impute,0.0926442702833296,8.0,0.5,748391,0.17516707247504623
2050-01-11,Missing Data,Impute,0.0923870520458484,8.0,0.5,748393,0.13639452425525325
2050-01-09,Missing Data,Impute,0.0925460972774399,9.0,0.5,748391,0.1517456317618159
2050-01-11,Missing Data,Impute,0.0921498568060839,9.0,0.5,748393,0.10990459147671577
2050-01-09,Missing Data,Impute,0.0889366085088572,10.0,0.5,748391,0.1366392167651438
2050-01-11,Missing Data,Impute,0.0885929563647238,10.0,0.5,748393,0.10118087033201026
2050-01-09,Missing Data,Impute,0.0841558455665229,15.0,0.5,748391,0.15788009020251542
2050-01-11,Missing Data,Impute,0.0839377029354927,15.0,0.5,748393,0.06189477405589629
2050-01-09,Missing Data,Impute,0.0814310038563252,20.0,0.5,748391,0.15095843431751188
2050-01-11,Missing Data,Impute,0.081304403127188,20.0,0.5,748393,0.08083358553511498
2050-01-09,Missing Data,Impute,0.0833241298978186,25.0,0.5,748391,0.1804939368967909
2050-01-11,Missing Data,Impute,0.0831844342713376,25.0,0.5,748393,0.13182954211904072
2050-01-09,Missing Data,Impute,0.0836548929963707,30.0,0.5,748391,0.22504699737657116
2050-01-11,Missing Data,Impute,0.0835417245140333,30.0,0.5,748393,0.2219492727467078
2050-01-09,Missing Data,Impute,0.126515517417371,1.0,0.75,748391,0.20726998871939742
2050-01-11,Missing Data,Impute,0.127727625995443,1.0,0.75,748393,0.21792308891225348
2050-01-09,Missing Data,Impute,0.129412738938447,2.0,0.75,748391,0.2068195176811209
2050-01-11,Missing Data,Impute,0.12921474496849,2.0,0.75,748393,0.20345790228477373
2050-01-09,Missing Data,Impute,0.127314550369497,3.0,0.75,748391,0.20247342212520308
2050-01-11,Missing Data,Impute,0.126826600232378,3.0,0.75,748393,0.1857844443855285
2050-01-09,Missing Data,Impute,0.126128592494919,4.0,0.75,748391,0.18215745185380505
2050-01-11,Missing Data,Impute,0.125470247832963,4.0,0.75,748393,0.17880359074557925
2050-01-09,Missing Data,Impute,0.122917364984206,5.0,0.75,748391,0.1659528761326232
2050-01-11,Missing Data,Impute,NA,5.0,0.75,748393,0.1884239394509178
2050-01-09,Missing Data,Impute,0.117128846590959,6.0,0.75,748391,0.1857396603678005
2050-01-11,Missing Data,Impute,0.116612765471843,6.0,0.75,748393,0.1479355538986463
2050-01-09,Missing Data,Impute,0.116654196521936,7.0,0.75,748391,0.16947821868760835
2050-01-11,Missing Data,Impute,0.116165958754327,7.0,0.75,748393,0.13930589683492495
2050-01-09,Missing Data,Impute,NA,8.0,0.75,748391,0.16296465500857585
2050-01-11,Missing Data,Impute,0.114404278225854,8.0,0.75,748393,0.12052901521218665
2050-01-09,Missing Data,Impute,0.113000148054592,9.0,0.75,748391,0.14972553340200215
2050-01-11,Missing Data,Impute,0.11244132106239,9.0,0.75,748393,0.1173047008704007
2050-01-09,Missing Data,Impute,0.108825028041541,10.0,0.75,748391,0.17436119431562203
2050-01-11,Missing Data,Impute,0.108403818796198,10.0,0.75,748393,0.12602261604619278
2050-01-09,Missing Data,Impute,0.103236853618952,15.0,0.75,748391,0.14096378226853293
2050-01-11,Missing Data,Impute,0.102864844659938,15.0,0.75,748393,0.07510607692334391
2050-01-09,Missing Data,Impute,0.100893296145071,20.0,0.75,748391,0.15110572645324957
2050-01-11,Missing Data,Impute,0.100674568211129,20.0,0.75,748393,0.10845762706598476
2050-01-09,Missing Data,Impute,NA,25.0,0.75,748391,0.16219712963938435
2050-01-11,Missing Data,Impute,0.0993791840948797,25.0,0.75,748393,0.14448421944979295
2050-01-09,Missing Data,Impute,0.102042373269069,30.0,0.75,748391,0.24746070778009532
2050-01-11,Missing Data,Impute,0.101907385529325,30.0,0.75,748393,0.18458487038203392
2050-01-09,Missing Data,Impute,0.154513587847907,1.0,1.0,748391,0.21936293276959737
2050-01-11,Missing Data,Impute,0.154620821834295,1.0,1.0,748393,0.19529522043364014
2050-01-09,Missing Data,Impute,0.151401987001383,2.0,1.0,748391,0.215475834154621
2050-01-11,Missing Data,Impute,0.150817121513797,2.0,1.0,748393,0.19986106028811182
2050-01-09,Missing Data,Impute,0.147747518923488,3.0,1.0,748391,0.18953105709283763
2050-01-11,Missing Data,Impute,0.146950152898489,3.0,1.0,748393,0.18283108068835494
2050-01-09,Missing Data,Impute,0.141398411164347,4.0,1.0,748391,0.18038885604701616
2050-01-11,Missing Data,Impute,0.140259026186774,4.0,1.0,748393,0.1652526048405992
2050-01-09,Missing Data,Impute,0.140666770354486,5.0,1.0,748391,0.19562188660708024
2050-01-11,Missing Data,Impute,0.139937911151562,5.0,1.0,748393,0.17346356225775586
2050-01-09,Missing Data,Impute,0.133306894046215,6.0,1.0,748391,0.1555088347471518
2050-01-11,Missing Data,Impute,0.132625372876854,6.0,1.0,748393,0.15152674941959735
2050-01-09,Missing Data,Impute,0.131753390032165,7.0,1.0,748391,0.18443161320719256
2050-01-11,Missing Data,Impute,0.131020456781262,7.0,1.0,748393,0.13438512410083722
2050-01-09,Missing Data,Impute,0.128569332947129,8.0,1.0,748391,0.16549620251146482
2050-01-11,Missing Data,Impute,0.128019194249915,8.0,1.0,748393,0.1338373260778949
2050-01-09,Missing Data,Impute,0.126278956428542,9.0,1.0,748391,0.14535828703220702
2050-01-11,Missing Data,Impute,0.125587955569958,9.0,1.0,748393,0.11190361241213925
2050-01-09,Missing Data,Impute,0.126946320103396,10.0,1.0,748391,0.1477872576886877
2050-01-11,Missing Data,Impute,0.126249955752482,10.0,1.0,748393,0.11867573470726138
2050-01-09,Missing Data,Impute,0.11817236024988,15.0,1.0,748391,0.12842609552140669
2050-01-11,Missing Data,Impute,0.117721020379871,15.0,1.0,748393,0.1010541126507327
2050-01-09,Missing Data,Impute,0.116910671242525,20.0,1.0,748391,0.1628669614994872
2050-01-11,Missing Data,Impute,0.116693832533757,20.0,1.0,748393,0.100722248391644
2050-01-09,Missing Data,Impute,0.116195067456634,25.0,1.0,748391,0.1739253563369996
2050-01-11,Missing Data,Impute,0.116062011201139,25.0,1.0,748393,0.14593715356071613
2050-01-09,Missing Data,Impute,0.115823370835638,30.0,1.0,748391,0.21016766697728878
2050-01-11,Missing Data,Impute,0.115782979077974,30.0,1.0,748393,0.17900720120930858
2050-01-09,Missing Data,Impute,0.187160624027141,1.0,1.5,748391,0.21865304539697206
2050-01-11,Missing Data,Impute,0.186548061473811,1.0,1.5,748393,0.23139364862084727
2050-01-09,Missing Data,Impute,0.178860947843771,2.0,1.5,748391,0.21199721969849553
2050-01-11,Missing Data,Impute,0.177566553356101,2.0,1.5,748393,0.2021094933394667
2050-01-09,Missing Data,Impute,0.172877832831678,3.0,1.5,748391,0.21068197435693725
2050-01-11,Missing Data,Impute,0.171606571008352,3.0,1.5,748393,0.21060388419456258
2050-01-09,Missing Data,Impute,0.170055553280212,4.0,1.5,748391,0.17833915436014722
2050-01-11,Missing Data,Impute,0.168402718700222,4.0,1.5,748393,0.17925336355879928
2050-01-09,Missing Data,Impute,0.167421478842267,5.0,1.5,748391,0.17189416781890826
2050-01-11,Missing Data,Impute,0.166337228383066,5.0,1.5,748393,0.15284137416366234
2050-01-09,Missing Data,Impute,0.162836226716616,6.0,1.5,748391,0.16032887971308274
2050-01-11,Missing Data,Impute,0.162003751580881,6.0,1.5,748393,0.15505487216058017
2050-01-09,Missing Data,Impute,0.157942826296229,7.0,1.5,748391,0.16698470541155927
2050-01-11,Missing Data,Impute,0.156942490061213,7.0,1.5,748393,0.16123270969274223
2050-01-09,Missing Data,Impute,0.154482831922001,8.0,1.5,748391,0.1801600602511843
2050-01-11,Missing Data,Impute,0.153656889012363,8.0,1.5,748393,0.12839036723903288
2050-01-09,Missing Data,Impute,0.152111281644376,9.0,1.5,748391,0.17154658837536896
2050-01-11,Missing Data,Impute,0.151350602892333,9.0,1.5,748393,0.11616261808449828
2050-01-09,Missing Data,Impute,0.147756441953388,10.0,1.5,748391,0.15649696171014393
2050-01-11,Missing Data,Impute,0.147035434859377,10.0,1.5,748393,0.11694471626109777
2050-01-09,Missing Data,Impute,0.143242551489871,15.0,1.5,748391,0.13079485968763233
2050-01-11,Missing Data,Impute,0.142716869197305,15.0,1.5,748393,0.09671436179558228
2050-01-09,Missing Data,Impute,0.136242585143392,20.0,1.5,748391,0.15929173142099334
2050-01-11,Missing Data,Impute,0.136074042384875,20.0,1.5,748393,0.11971917592402431
2050-01-09,Missing Data,Impute,0.136348606231199,25.0,1.5,748391,0.1788853400025915
2050-01-11,Missing Data,Impute,0.136254510366741,25.0,1.5,748393,0.123558378211629
2050-01-09,Missing Data,Impute,0.138965030216375,30.0,1.5,748391,0.22826363505779898
2050-01-11,Missing Data,Impute,0.138970935206324,30.0,1.5,748393,0.19547087004035785
2050-01-09,Missing Data,Impute,0.205949512419212,1.0,2.0,748391,0.21122194046419504
2050-01-11,Missing Data,Impute,0.204539202540308,1.0,2.0,748393,0.20784932948943816
2050-01-09,Missing Data,Impute,0.200518778212008,2.0,2.0,748391,0.20363781505433012
2050-01-11,Missing Data,Impute,0.19859491099587,2.0,2.0,748393,0.1914039494206292
2050-01-09,Missing Data,Impute,0.196820856719521,3.0,2.0,748391,0.19353840495704538
2050-01-11,Missing Data,Impute,0.195296801221968,3.0,2.0,748393,0.19239175739721617
2050-01-09,Missing Data,Impute,0.191061710196085,4.0,2.0,748391,0.18784304697563753
2050-01-11,Missing Data,Impute,0.18957757745565,4.0,2.0,748393,0.19200729881810816
2050-01-09,Missing Data,Impute,0.187017271997968,5.0,2.0,748391,0.15777283662699546
2050-01-11,Missing Data,Impute,0.18574384037074,5.0,2.0,748393,0.15588182774439466
2050-01-09,Missing Data,Impute,0.17992138754374,6.0,2.0,748391,0.17740628139867967
2050-01-11,Missing Data,Impute,0.178947907547972,6.0,2.0,748393,0.14606429937980975
2050-01-09,Missing Data,Impute,0.179961542135757,7.0,2.0,748391,0.17149761882236558
2050-01-11,Missing Data,Impute,0.179031774820219,7.0,2.0,748393,0.13657094547651455
2050-01-09,Missing Data,Impute,0.173167057903631,8.0,2.0,748391,0.1695225373629694
2050-01-11,Missing Data,Impute,0.172310561384488,8.0,2.0,748393,0.1248118784949336
2050-01-09,Missing Data,Impute,0.171310292742362,9.0,2.0,748391,0.1636175945565515
2050-01-11,Missing Data,Impute,0.17038801489532,9.0,2.0,748393,0.13403854025536646
2050-01-09,Missing Data,Impute,0.171553434570171,10.0,2.0,748391,0.1481891515498531
2050-01-11,Missing Data,Impute,0.170597525434842,10.0,2.0,748393,0.13036646167181457
2050-01-09,Missing Data,Impute,0.1587236679831,15.0,2.0,748391,0.14220603247734498
2050-01-11,Missing Data,Impute,0.158356438081127,15.0,2.0,748393,0.11175725138414773
2050-01-09,Missing Data,Impute,NA,20.0,2.0,748391,0.15530669370001018
2050-01-11,Missing Data,Impute,0.155526556440404,20.0,2.0,748393,0.11962457311118614
2050-01-09,Missing Data,Impute,0.155604424715082,25.0,2.0,748391,0.18884675971942316
2050-01-11,Missing Data,Impute,0.155704201248834,25.0,2.0,748393,0.14541570019922356
2050-01-09,Missing Data,Impute,0.161323770137678,30.0,2.0,748391,0.23549924991637847
2050-01-11,Missing Data,Impute,0.161428810087007,30.0,2.0,748393,0.2196052972986163
2050-01-09,Missing Data,Impute,0.234623299814098,1.0,3.0,748391,0.22198164778360835
2050-01-11,Missing Data,Impute,0.232658198879651,1.0,3.0,748393,0.18839781453491677
2050-01-09,Missing Data,Impute,0.222028936023984,2.0,3.0,748391,0.19665749590815865
2050-01-11,Missing Data,Impute,0.220160541479061,2.0,3.0,748393,0.18608986898028718
2050-01-09,Missing Data,Impute,0.221455048404842,3.0,3.0,748391,0.19292521083435168
2050-01-11,Missing Data,Impute,0.219932153292062,3.0,3.0,748393,0.17147382994037616
2050-01-09,Missing Data,Impute,0.219593709727901,4.0,3.0,748391,0.1771897957657312
2050-01-11,Missing Data,Impute,NA,4.0,3.0,748393,0.17105837158409984
2050-01-09,Missing Data,Impute,0.209491423150287,5.0,3.0,748391,0.18962884094371799
2050-01-11,Missing Data,Impute,0.208310114128999,5.0,3.0,748393,0.15584866414064588
2050-01-09,Missing Data,Impute,0.205751518925248,6.0,3.0,748391,0.16738566816497846
2050-01-11,Missing Data,Impute,0.204647953207088,6.0,3.0,748393,0.17078509761970434
2050-01-09,Missing Data,Impute,0.206114761718828,7.0,3.0,748391,0.15860190002322044
2050-01-11,Missing Data,Impute,0.205111983620439,7.0,3.0,748393,0.13902626079444505
2050-01-09,Missing Data,Impute,0.201135096904759,8.0,3.0,748391,0.17297472953008192
2050-01-11,Missing Data,Impute,0.200149466763766,8.0,3.0,748393,0.15265612119057181
2050-01-09,Missing Data,Impute,0.201227007404266,9.0,3.0,748391,0.17127013761100743
2050-01-11,Missing Data,Impute,0.200707640417767,9.0,3.0,748393,0.1346839626359866
2050-01-09,Missing Data,Impute,0.195270042703627,10.0,3.0,748391,0.16279109583895157
2050-01-11,Missing Data,Impute,0.194807702612883,10.0,3.0,748393,0.12059269587541974
2050-01-09,Missing Data,Impute,0.188714229472872,15.0,3.0,748391,0.14461903769136847
2050-01-11,Missing Data,Impute,0.18853527462534,15.0,3.0,748393,0.12676325759906823
2050-01-09,Missing Data,Impute,0.18530543304834,20.0,3.0,748391,0.18195910820412284
2050-01-11,Missing Data,Impute,0.185179712703491,20.0,3.0,748393,0.13853572534448136
2050-01-09,Missing Data,Impute,0.184148358300253,25.0,3.0,748391,0.1973976975471242
2050-01-11,Missing Data,Impute,0.184249689561218,25.0,3.0,748393,0.17256840877479912
2050-01-09,Missing Data,Impute,0.186349278358822,30.0,3.0,748391,0.23310964544652835
2050-01-11,Missing Data,Impute,0.186725954569203,30.0,3.0,748393,0.22171092959867322
2050-01-09,Missing Data,Impute,0.249712800180157,1.0,4.0,748391,0.22007637618084008
2050-01-11,Missing Data,Impute,0.248270219711951,1.0,4.0,748393,0.18414020107459464
2050-01-09,Missing Data,Impute,NA,2.0,4.0,748391,0.2066848504565956
2050-01-11,Missing Data,Impute,0.2453405074976,2.0,4.0,748393,0.1914426818725256
2050-01-09,Missing Data,Impute,0.237634817582418,3.0,4.0,748391,0.18895397472924524
2050-01-11,Missing Data,Impute,0.236310873051492,3.0,4.0,748393,0.18785265881816268
2050-01-09,Missing Data,Impute,0.235791305712577,4.0,4.0,748391,0.20865939318413781
2050-01-11,Missing Data,Impute,0.234595109073703,4.0,4.0,748393,0.16213520347453483
2050-01-09,Missing Data,Impute,0.228462408298939,5.0,4.0,748391,0.19415135772089712
2050-01-11,Missing Data,Impute,0.227482330299457,5.0,4.0,748393,0.1599604553048304
2050-01-09,Missing Data,Impute,0.228751894635334,6.0,4.0,748391,0.17720544222178328
2050-01-11,Missing Data,Impute,0.227685794280895,6.0,4.0,748393,0.15148994367351565
2050-01-09,Missing Data,Impute,0.223470397164293,7.0,4.0,748391,0.17090643746988451
2050-01-11,Missing Data,Impute,NA,7.0,4.0,748393,0.16344899211373387
2050-01-09,Missing Data,Impute,0.217553812464946,8.0,4.0,748391,0.16006451512807965
2050-01-11,Missing Data,Impute,0.217041720862419,8.0,4.0,748393,0.13427493084611705
2050-01-09,Missing Data,Impute,0.216233482164434,9.0,4.0,748391,0.17845948547501797
2050-01-11,Missing Data,Impute,0.216027065737282,9.0,4.0,748393,0.14706210733673789
2050-01-09,Missing Data,Impute,0.213405695618394,10.0,4.0,748391,0.1741594197929033
2050-01-11,Missing Data,Impute,0.213437249129695,10.0,4.0,748393,0.14224019167916227
2050-01-09,Missing Data,Impute,0.208040603782074,15.0,4.0,748391,0.16070482976484288
2050-01-11,Missing Data,Impute,0.208092961673108,15.0,4.0,748393,0.1338686966175622
2050-01-09,Missing Data,Impute,0.205774328097574,20.0,4.0,748391,0.18263226745822966
2050-01-11,Missing Data,Impute,0.205893820111099,20.0,4.0,748393,0.17438102164586095
2050-01-09,Missing Data,Impute,0.208207133345118,25.0,4.0,748391,0.2155050578200125
2050-01-11,Missing Data,Impute,0.208590537329231,25.0,4.0,748393,0.20544546653749676
2050-01-09,Missing Data,Impute,0.210017743989475,30.0,4.0,748391,0.2347308672519402
2050-01-11,Missing Data,Impute,0.210607217094511,30.0,4.0,748393,0.22576166079241972
2050-01-09,Missing Data,Impute,NA,1.0,5.0,748391,0.20721761838290306
2050-01-11,Missing Data,Impute,0.264253228599356,1.0,5.0,748393,0.18411144698964624
2050-01-09,Missing Data,Impute,0.255196366755412,2.0,5.0,748391,0.1967856458014731
2050-01-11,Missing Data,Impute,0.254063549020309,2.0,5.0,748393,0.17875283236657055
2050-01-09,Missing Data,Impute,0.253633051244838,3.0,5.0,748391,0.20176330186988814
2050-01-11,Missing Data,Impute,0.252716018719684,3.0,5.0,748393,0.18229149381974852
2050-01-09,Missing Data,Impute,0.245805346319117,4.0,5.0,748391,0.18783165478325942
2050-01-11,Missing Data,Impute,0.24480371618912,4.0,5.0,748393,0.1768333799092742
2050-01-09,Missing Data,Impute,0.245469318591686,5.0,5.0,748391,0.18749057953369008
2050-01-11,Missing Data,Impute,0.24490667808669,5.0,5.0,748393,0.16871509436106485
2050-01-09,Missing Data,Impute,0.239368069046919,6.0,5.0,748391,0.18412098162762053
2050-01-11,Missing Data,Impute,NA,6.0,5.0,748393,0.16410766000305974
2050-01-09,Missing Data,Impute,0.23706958154466,7.0,5.0,748391,0.1743679140169646
2050-01-11,Missing Data,Impute,0.236852248953594,7.0,5.0,748393,0.1759627177714396
2050-01-09,Missing Data,Impute,0.235488526037822,8.0,5.0,748391,0.1825774015945211
2050-01-11,Missing Data,Impute,0.235527532486054,8.0,5.0,748393,0.1671676350648667
2050-01-09,Missing Data,Impute,0.232886755987968,9.0,5.0,748391,0.1685178285981029
2050-01-11,Missing Data,Impute,0.232764693890369,9.0,5.0,748393,0.16643544178709294
2050-01-09,Missing Data,Impute,0.230702641745434,10.0,5.0,748391,0.16515365742229537
2050-01-11,Missing Data,Impute,0.230661547584977,10.0,5.0,748393,0.1563673288399885
2050-01-09,Missing Data,Impute,0.218541418613704,15.0,5.0,748391,0.16978543210837235
2050-01-11,Missing Data,Impute,0.218970929263811,15.0,5.0,748393,0.16258956267507482
2050-01-09,Missing Data,Impute,0.222266865100438,20.0,5.0,748391,0.2080276947918312
2050-01-11,Missing Data,Impute,0.222874394051124,20.0,5.0,748393,0.20658901492492313
2050-01-09,Missing Data,Impute,NA,25.0,5.0,748391,0.20825820602418132
2050-01-11,Missing Data,Impute,0.223754181056168,25.0,5.0,748393,0.22183521336612977
2050-01-09,Missing Data,Impute,0.224069009768,30.0,5.0,748391,0.25287821430895235
2050-01-11,Missing Data,Impute,0.22490650053482,30.0,5.0,748393,0.2593298518231354
2050-01-09,Missing Data,Impute,0.273932772733465,1.0,7.0,748391,0.2090874806897027
2050-01-11,Missing Data,Impute,0.273170268518292,1.0,7.0,748393,0.17394525281864942
2050-01-09,Missing Data,Impute,0.270913375172943,2.0,7.0,748391,0.19838161778446006
2050-01-11,Missing Data,Impute,0.27069995695627,2.0,7.0,748393,0.16924219843634444
2050-01-09,Missing Data,Impute,0.267168084474109,3.0,7.0,748391,0.1901778759235708
2050-01-11,Missing Data,Impute,0.267169116320622,3.0,7.0,748393,0.15989033069987352
2050-01-09,Missing Data,Impute,0.260261359778164,4.0,7.0,748391,0.1920152643755259
2050-01-11,Missing Data,Impute,0.260368316592948,4.0,7.0,748393,0.16446197652325864
2050-01-09,Missing Data,Impute,0.263474859328941,5.0,7.0,748391,0.20009473560619945
2050-01-11,Missing Data,Impute,NA,5.0,7.0,748393,0.16297649092992766
2050-01-09,Missing Data,Impute,0.252706043058844,6.0,7.0,748391,0.19296891315029557
2050-01-11,Missing Data,Impute,0.252946615151052,6.0,7.0,748393,0.1544411219307155
2050-01-09,Missing Data,Impute,0.253379127524595,7.0,7.0,748391,0.17643016298748276
2050-01-11,Missing Data,Impute,0.253764452548227,7.0,7.0,748393,0.1764082363209857
2050-01-09,Missing Data,Impute,0.247136516813292,8.0,7.0,748391,0.19360425368493514
2050-01-11,Missing Data,Impute,0.247918509876989,8.0,7.0,748393,0.18596837853606915
2050-01-09,Missing Data,Impute,NA,9.0,7.0,748391,0.17735351021014076
2050-01-11,Missing Data,Impute,0.250683842051096,9.0,7.0,748393,0.1742048159319723
2050-01-09,Missing Data,Impute,0.248635534031581,10.0,7.0,748391,0.19156789250965217
2050-01-11,Missing Data,Impute,0.249361351722805,10.0,7.0,748393,0.18471906378803996
2050-01-09,Missing Data,Impute,0.244659841716872,15.0,7.0,748391,0.19884721392225174
2050-01-11,Missing Data,Impute,0.245534392080886,15.0,7.0,748393,0.2201262768415896
2050-01-09,Missing Data,Impute,0.244692001886334,20.0,7.0,748391,0.20862818213767312
2050-01-11,Missing Data,Impute,0.245758369952999,20.0,7.0,748393,0.21255779788777673
2050-01-09,Missing Data,Impute,0.244114978272227,25.0,7.0,748391,0.24065812910074738
2050-01-11,Missing Data,Impute,0.245372821346084,25.0,7.0,748393,0.2541245639493243
2050-01-09,Missing Data,Impute,0.25615424169011,30.0,7.0,748391,0.25212066772972125
2050-01-11,Missing Data,Impute,0.257718036317325,30.0,7.0,748393,0.2768995735466251
2050-01-09,Missing Data,Impute,0.28097987333047,1.0,10.0,748391,0.20603718662183176
2050-01-11,Missing Data,Impute,0.281512089819759,1.0,10.0,748393,0.1650432397610379
2050-01-09,Missing Data,Impute,0.282004027930566,2.0,10.0,748391,0.20420482404809423
2050-01-11,Missing Data,Impute,0.282743856208916,2.0,10.0,748393,0.17294613027724756
2050-01-09,Missing Data,Impute,0.271906441061631,3.0,10.0,748391,0.22371049816511532
2050-01-11,Missing Data,Impute,0.272707730139509,3.0,10.0,748393,0.18261737524140417
2050-01-09,Missing Data,Impute,NA,4.0,10.0,748391,0.19787372468000225
2050-01-11,Missing Data,Impute,0.275226471967304,4.0,10.0,748393,0.1859784430067327
2050-01-09,Missing Data,Impute,0.264823732419097,5.0,10.0,748391,0.21213924459717373
2050-01-11,Missing Data,Impute,0.265885196159418,5.0,10.0,748393,0.18408696878176498
2050-01-09,Missing Data,Impute,0.265937107273486,6.0,10.0,748391,0.2257825057571327
2050-01-11,Missing Data,Impute,0.267082612963604,6.0,10.0,748393,0.19372141223791603
2050-01-09,Missing Data,Impute,0.26592516552253,7.0,10.0,748391,0.22318021305179353
2050-01-11,Missing Data,Impute,0.267094391146319,7.0,10.0,748393,0.18882976435127574
2050-01-09,Missing Data,Impute,0.262466362126479,8.0,10.0,748391,0.21341481790293715
2050-01-11,Missing Data,Impute,0.263672924588871,8.0,10.0,748393,0.2073602554029223
2050-01-09,Missing Data,Impute,0.258052465390074,9.0,10.0,748391,0.21123169908569428
2050-01-11,Missing Data,Impute,0.259222492008043,9.0,10.0,748393,0.21284161056436735
2050-01-09,Missing Data,Impute,0.256770894706765,10.0,10.0,748391,0.20872082815515103
2050-01-11,Missing Data,Impute,0.257924380702091,10.0,10.0,748393,0.21447344870953758
2050-01-09,Missing Data,Impute,0.258385339448925,15.0,10.0,748391,0.22473146550737486
2050-01-11,Missing Data,Impute,0.259693434469786,15.0,10.0,748393,0.25404273706474884
2050-01-09,Missing Data,Impute,0.260007163479813,20.0,10.0,748391,0.24001617665502914
2050-01-11,Missing Data,Impute,0.261537300981468,20.0,10.0,748393,0.286833084182539
2050-01-09,Missing Data,Impute,0.269803428447004,25.0,10.0,748391,0.26659653984837023
2050-01-11,Missing Data,Impute,0.271673792856209,25.0,10.0,748393,0.31148857242639777
2050-01-09,Missing Data,Impute,0.279793454147093,30.0,10.0,748391,0.26769182538400205
2050-01-11,Missing Data,Impute,0.28181223049382,30.0,10.0,748393,0.3167728942845582
2050-01-09,Missing Data,Impute,0.286454886148913,1.0,15.0,748391,0.23273857915510013
2050-01-11,Missing Data,Impute,0.287968953977006,1.0,15.0,748393,0.1565336809294977
2050-01-09,Missing Data,Impute,0.286567937600866,2.0,15.0,748391,0.2262288905010902
2050-01-11,Missing Data,Impute,0.288103529249478,2.0,15.0,748393,0.1648555858406011
2050-01-09,Missing Data,Impute,0.278405438087259,3.0,15.0,748391,0.23416508250085807
2050-01-11,Missing Data,Impute,0.279887606849363,3.0,15.0,748393,0.1894990570565123
2050-01-09,Missing Data,Impute,0.276173756135702,4.0,15.0,748391,0.23656770849588898
2050-01-11,Missing Data,Impute,0.277735661617774,4.0,15.0,748393,0.19880063641742993
2050-01-09,Missing Data,Impute,0.281790958850687,5.0,15.0,748391,0.2246267074590691
2050-01-11,Missing Data,Impute,0.283257173970554,5.0,15.0,748393,0.20714896361754628
2050-01-09,Missing Data,Impute,0.278841873081304,6.0,15.0,748391,0.23620183605203324
2050-01-11,Missing Data,Impute,0.280385818037036,6.0,15.0,748393,0.21471503314786058
2050-01-09,Missing Data,Impute,0.27892844347972,7.0,15.0,748391,0.2100689223521291
2050-01-11,Missing Data,Impute,0.280405053225611,7.0,15.0,748393,0.20183279274011082
2050-01-09,Missing Data,Impute,0.276795217251283,8.0,15.0,748391,0.22909754364865803
2050-01-11,Missing Data,Impute,0.278284261953331,8.0,15.0,748393,0.23652399770379273
2050-01-09,Missing Data,Impute,0.278087414769767,9.0,15.0,748391,0.22328161743161362
2050-01-11,Missing Data,Impute,0.279649583823136,9.0,15.0,748393,0.23804603920821113
2050-01-09,Missing Data,Impute,0.278356359321463,10.0,15.0,748391,0.21282144687240623
2050-01-11,Missing Data,Impute,0.279925693657922,10.0,15.0,748393,0.27026109278841426
2050-01-09,Missing Data,Impute,0.276779929823017,15.0,15.0,748391,0.2365754284563886
2050-01-11,Missing Data,Impute,0.278585259047198,15.0,15.0,748393,0.31950007440254263
2050-01-09,Missing Data,Impute,0.286895592077736,20.0,15.0,748391,0.23433280137394719
2050-01-11,Missing Data,Impute,0.288971412137701,20.0,15.0,748393,0.35824201055997096
2050-01-09,Missing Data,Impute,0.291546054875173,25.0,15.0,748391,0.2509415251246666
2050-01-11,Missing Data,Impute,0.293748837041291,25.0,15.0,748393,0.3793291695332743
2050-01-09,Missing Data,Impute,NA,30.0,15.0,748391,0.28096316677234984
2050-01-11,Missing Data,Impute,0.309051845290091,30.0,15.0,748393,0.3536902221563704
2050-01-09,Missing Data,Impute,0.300049721176728,1.0,20.0,748391,0.25281158125229053
2050-01-11,Missing Data,Impute,0.301448778668684,1.0,20.0,748393,0.19066160090738782
2050-01-09,Missing Data,Impute,0.300343429378768,2.0,20.0,748391,0.24822714678641428
2050-01-11,Missing Data,Impute,0.301754273191349,2.0,20.0,748393,0.1689335970416197
2050-01-09,Missing Data,Impute,0.301353474553033,3.0,20.0,748391,0.23713867438031505
2050-01-11,Missing Data,Impute,0.302753393172685,3.0,20.0,748393,0.1835393344901014
2050-01-09,Missing Data,Impute,0.30120431637667,4.0,20.0,748391,0.22491501999625182
2050-01-11,Missing Data,Impute,0.302609445864025,4.0,20.0,748393,0.20783886840480625
2050-01-09,Missing Data,Impute,0.29893793389502,5.0,20.0,748391,0.26183622289308656
2050-01-11,Missing Data,Impute,0.300360300755711,5.0,20.0,748393,0.21851458501306356
2050-01-09,Missing Data,Impute,0.297316639586,6.0,20.0,748391,0.22786000880781068
2050-01-11,Missing Data,Impute,0.298768416364441,6.0,20.0,748393,0.2338118349682147
2050-01-09,Missing Data,Impute,0.292846336586748,7.0,20.0,748391,0.22878993785200183
2050-01-11,Missing Data,Impute,0.294221951246646,7.0,20.0,748393,0.2357720415861024
2050-01-09,Missing Data,Impute,0.292166403725494,8.0,20.0,748391,0.2163838149189219
2050-01-11,Missing Data,Impute,0.293831309455251,8.0,20.0,748393,0.25196281569140755
2050-01-09,Missing Data,Impute,0.293984952413036,9.0,20.0,748391,0.22621203725082834
2050-01-11,Missing Data,Impute,0.295626206085919,9.0,20.0,748393,0.26954353299330697
2050-01-09,Missing Data,Impute,0.297485933745648,10.0,20.0,748391,0.22265004844296407
2050-01-11,Missing Data,Impute,0.299262905654067,10.0,20.0,748393,0.26447065351456045
2050-01-09,Missing Data,Impute,0.303683764332025,15.0,20.0,748391,0.21481455835988367
2050-01-11,Missing Data,Impute,0.305832003183622,15.0,20.0,748393,0.3345778948074689
2050-01-09,Missing Data,Impute,0.310311362806315,20.0,20.0,748391,0.23651838139078254
2050-01-11,Missing Data,Impute,0.312896835993196,20.0,20.0,748393,0.3658513857922608
2050-01-09,Missing Data,Impute,0.325941722605438,25.0,20.0,748391,0.24983894640520418
2050-01-11,Missing Data,Impute,0.328718326547536,25.0,20.0,748393,0.37284519180597997
2050-01-09,Missing Data,Impute,0.333874655446621,30.0,20.0,748391,0.27025264875138866
2050-01-11,Missing Data,Impute,0.336602934880025,30.0,20.0,748393,0.3521986158457969
2050-01-09,Missing Data,Impute,0.326940161498345,1.0,25.0,748391,0.2854822352280203
2050-01-11,Missing Data,Impute,0.328912037350618,1.0,25.0,748393,0.21334488711880456
2050-01-09,Missing Data,Impute,0.324075431396016,2.0,25.0,748391,0.26673068105527004
2050-01-11,Missing Data,Impute,0.326303459539351,2.0,25.0,748393,0.2151687153137249
2050-01-09,Missing Data,Impute,0.322442139650562,3.0,25.0,748391,0.27616227676307065
2050-01-11,Missing Data,Impute,0.324230826244671,3.0,25.0,748393,0.21749152723371054
2050-01-09,Missing Data,Impute,NA,4.0,25.0,748391,0.2533949264510109
2050-01-11,Missing Data,Impute,0.322948884777207,4.0,25.0,748393,0.22166018435690538
2050-01-09,Missing Data,Impute,0.322348081730694,5.0,25.0,748391,0.2543099806536936
2050-01-11,Missing Data,Impute,0.324413957440781,5.0,25.0,748393,0.21400306381429415
2050-01-09,Missing Data,Impute,0.316510052467233,6.0,25.0,748391,0.24092541175155752
2050-01-11,Missing Data,Impute,0.318666778387406,6.0,25.0,748393,0.22565706689840503
2050-01-09,Missing Data,Impute,0.321508832018589,7.0,25.0,748391,0.24833156423492164
2050-01-11,Missing Data,Impute,0.323739407835459,7.0,25.0,748393,0.23023312647866667
2050-01-09,Missing Data,Impute,0.316788907728272,8.0,25.0,748391,0.2344687916590985
2050-01-11,Missing Data,Impute,0.319221368524173,8.0,25.0,748393,0.22290025802490843
2050-01-09,Missing Data,Impute,0.31784383350858,9.0,25.0,748391,0.24104627736020606
2050-01-11,Missing Data,Impute,0.320370753700032,9.0,25.0,748393,0.25790247380681375
2050-01-09,Missing Data,Impute,0.317775493905203,10.0,25.0,748391,0.21583446519074
2050-01-11,Missing Data,Impute,0.320373211706312,10.0,25.0,748393,0.24438371615976012
2050-01-09,Missing Data,Impute,0.3321117187321,15.0,25.0,748391,0.19335835438083473
2050-01-11,Missing Data,Impute,0.335218758095636,15.0,25.0,748393,0.27719497697066176
2050-01-09,Missing Data,Impute,0.34460427784844,20.0,25.0,748391,0.17224044122728127
2050-01-11,Missing Data,Impute,0.347437869448241,20.0,25.0,748393,0.3141322098002761
2050-01-09,Missing Data,Impute,0.357613994143599,25.0,25.0,748391,0.20804026800010492
2050-01-11,Missing Data,Impute,NA,25.0,25.0,748393,0.32451350586833677
2050-01-09,Missing Data,Impute,0.352425733602897,30.0,25.0,748391,0.24474943334848945
2050-01-11,Missing Data,Impute,0.355249800271915,30.0,25.0,748393,0.31874858786529536
2050-01-09,Missing Data,Impute,0.339608483029414,1.0,30.0,748391,0.33229698316702583
2050-01-11,Missing Data,Impute,0.34388827992219,1.0,30.0,748393,0.24356594987987787
2050-01-09,Missing Data,Impute,0.336200929326022,2.0,30.0,748391,0.30697917599234353
2050-01-11,Missing Data,Impute,0.340625520294453,2.0,30.0,748393,0.25039905027979864
2050-01-09,Missing Data,Impute,NA,3.0,30.0,748391,0.2811468938916702
2050-01-11,Missing Data,Impute,0.341518029266222,3.0,30.0,748393,0.21996498029683112
2050-01-09,Missing Data,Impute,0.343249047874448,4.0,30.0,748391,0.27340338592863295
2050-01-11,Missing Data,Impute,0.34730218926099,4.0,30.0,748393,0.22839729397002725
2050-01-09,Missing Data,Impute,0.341870978736111,5.0,30.0,748391,0.2518939538948305
2050-01-11,Missing Data,Impute,0.345899779479277,5.0,30.0,748393,0.24669859261187357
2050-01-09,Missing Data,Impute,0.340069597679229,6.0,30.0,748391,0.22865125772264458
2050-01-11,Missing Data,Impute,0.344104311977052,6.0,30.0,748393,0.2331016544606536
2050-01-09,Missing Data,Impute,0.342325492173867,7.0,30.0,748391,0.23108688782822168
2050-01-11,Missing Data,Impute,NA,7.0,30.0,748393,0.2147823775668198
2050-01-09,Missing Data,Impute,0.335991705361789,8.0,30.0,748391,0.210396816583315
2050-01-11,Missing Data,Impute,0.339856969151683,8.0,30.0,748393,0.23615612092655908
2050-01-09,Missing Data,Impute,NA,9.0,30.0,748391,0.20337736837127876
2050-01-11,Missing Data,Impute,0.340949361489004,9.0,30.0,748393,0.2076524387270514
2050-01-09,Missing Data,Impute,0.333987576945408,10.0,30.0,748391,0.17996204837529087
2050-01-11,Missing Data,Impute,0.337382543208547,10.0,30.0,748393,0.20471006213213527
2050-01-09,Missing Data,Impute,0.357813437649049,15.0,30.0,748391,0.12638151436577824
2050-01-11,Missing Data,Impute,0.361655421337709,15.0,30.0,748393,0.20619784519377998
2050-01-09,Missing Data,Impute,0.37156387810241,20.0,30.0,748391,0.12967641017873566
2050-01-11,Missing Data,Impute,0.375736812917124,20.0,30.0,748393,0.22036325794028802
2050-01-09,Missing Data,Impute,NA,25.0,30.0,748391,0.16565057197380326
2050-01-11,Missing Data,Impute,0.358972893673729,25.0,30.0,748393,0.2300675973567825
2050-01-09,Missing Data,Impute,0.344232955301595,30.0,30.0,748391,0.20399443751899504
2050-01-11,Missing Data,Impute,0.347395288480194,30.0,30.0,748393,0.2579718997637017
